fqdn_no,family_no
fqdn_1886,0
fqdn_15101,0
fqdn_12835,0
fqdn_7631,0
fqdn_18316,0
fqdn_3155,0
fqdn_12483,0
fqdn_20332,0
fqdn_15792,0
fqdn_11885,0
fqdn_17727,0
fqdn_17809,0
fqdn_10510,0
fqdn_10112,0
fqdn_13790,0
fqdn_5772,0
fqdn_918,0
fqdn_860,0
fqdn_11405,0
fqdn_13050,0
fqdn_8315,0
fqdn_20397,0
fqdn_5458,0
fqdn_12703,0
fqdn_9188,0
fqdn_15311,0
fqdn_8117,0
fqdn_10585,0
fqdn_508,0
fqdn_10353,0
fqdn_10512,0
fqdn_13567,0
fqdn_361,0
fqdn_3445,0
fqdn_19174,0
fqdn_10141,0
fqdn_7708,0
fqdn_13534,0
fqdn_2406,0
fqdn_17659,0
fqdn_4822,0
fqdn_8978,0
fqdn_18079,0
fqdn_13763,0
fqdn_16304,0
fqdn_5801,0
fqdn_2724,0
fqdn_5344,0
fqdn_13373,0
fqdn_10413,0
fqdn_16801,0
fqdn_7975,0
fqdn_8246,0
fqdn_11656,0
fqdn_193,0
fqdn_8062,0
fqdn_661,0
fqdn_19957,0
fqdn_9414,0
fqdn_3671,0
fqdn_15809,0
fqdn_17439,0
fqdn_16795,0
fqdn_5669,0
fqdn_12664,0
fqdn_8301,0
fqdn_2384,0
fqdn_3305,0
fqdn_15675,0
fqdn_4440,0
fqdn_14792,0
fqdn_5738,0
fqdn_17405,0
fqdn_16691,0
fqdn_19935,0
fqdn_4119,0
fqdn_18262,0
fqdn_11872,0
fqdn_12394,0
fqdn_19782,0
fqdn_20496,0
fqdn_2785,0
fqdn_16700,0
fqdn_4139,0
fqdn_11853,0
fqdn_15438,0
fqdn_15705,0
fqdn_19297,0
fqdn_16200,0
fqdn_4287,0
fqdn_18975,0
fqdn_2124,0
fqdn_2365,0
fqdn_19694,0
fqdn_20260,0
fqdn_17005,0
fqdn_1719,0
fqdn_5390,0
fqdn_13399,0
fqdn_16365,0
fqdn_6111,6
fqdn_11680,0
fqdn_17221,0
fqdn_20453,0
fqdn_12377,0
fqdn_13401,6
fqdn_14016,0
fqdn_19506,0
fqdn_4933,0
fqdn_6263,0
fqdn_10942,0
fqdn_11485,0
fqdn_7730,0
fqdn_1499,6
fqdn_3484,0
fqdn_18766,0
fqdn_9865,6
fqdn_250,0
fqdn_19313,6
fqdn_4241,0
fqdn_3309,0
fqdn_5486,0
fqdn_1636,0
fqdn_4405,0
fqdn_15888,0
fqdn_8884,6
fqdn_16736,0
fqdn_3423,6
fqdn_12268,0
fqdn_14638,0
fqdn_8780,0
fqdn_9596,0
fqdn_6316,0
fqdn_592,0
fqdn_15617,0
fqdn_16858,0
fqdn_7645,0
fqdn_19542,6
fqdn_673,0
fqdn_6758,0
fqdn_3397,0
fqdn_17615,0
fqdn_12040,0
fqdn_11016,0
fqdn_10648,0
fqdn_3674,0
fqdn_2491,0
fqdn_5919,0
fqdn_12205,6
fqdn_3389,0
fqdn_18060,0
fqdn_10563,6
fqdn_17845,0
fqdn_14646,0
fqdn_8141,6
fqdn_6265,0
fqdn_375,0
fqdn_618,0
fqdn_18978,0
fqdn_8329,6
fqdn_4259,6
fqdn_6828,0
fqdn_8424,0
fqdn_17590,0
fqdn_16763,0
fqdn_18838,0
fqdn_3543,0
fqdn_5974,0
fqdn_11026,0
fqdn_1608,0
fqdn_18451,0
fqdn_8368,0
fqdn_8204,0
fqdn_7167,0
fqdn_19406,0
fqdn_13727,0
fqdn_6485,0
fqdn_17007,0
fqdn_2169,0
fqdn_10237,0
fqdn_4278,0
fqdn_18134,0
fqdn_2691,0
fqdn_3026,0
fqdn_14412,0
fqdn_16148,0
fqdn_17499,0
fqdn_1762,6
fqdn_17932,0
fqdn_3796,0
fqdn_1491,0
fqdn_15692,0
fqdn_13829,0
fqdn_17698,0
fqdn_686,0
fqdn_11008,6
fqdn_11919,0
fqdn_20136,0
fqdn_13690,0
fqdn_7844,0
fqdn_3811,0
fqdn_11949,0
fqdn_20292,0
fqdn_15798,6
fqdn_12886,0
fqdn_20169,0
fqdn_10861,6
fqdn_605,0
fqdn_8603,0
fqdn_6335,0
fqdn_12752,0
fqdn_7666,0
fqdn_7100,0
fqdn_11313,0
fqdn_1081,0
fqdn_9026,0
fqdn_11839,0
fqdn_2364,0
fqdn_2946,6
fqdn_20105,0
fqdn_7644,0
fqdn_15000,0
fqdn_17667,0
fqdn_15141,0
fqdn_13011,5
fqdn_12904,0
fqdn_383,0
fqdn_3872,0
fqdn_18025,0
fqdn_16972,0
fqdn_3279,6
fqdn_4751,0
fqdn_116,0
fqdn_9201,0
fqdn_9186,0
fqdn_10082,0
fqdn_11630,0
fqdn_13318,0
fqdn_12180,0
fqdn_11900,6
fqdn_4495,0
fqdn_16256,0
fqdn_15777,0
fqdn_9890,6
fqdn_7297,0
fqdn_7221,6
fqdn_20100,0
fqdn_46,0
fqdn_9978,0
fqdn_13878,0
fqdn_16464,6
fqdn_16325,6
fqdn_8583,6
fqdn_11263,0
fqdn_10009,0
fqdn_3874,6
fqdn_14705,6
fqdn_12706,0
fqdn_10245,0
fqdn_9373,0
fqdn_19041,6
fqdn_18831,0
fqdn_4311,0
fqdn_2278,0
fqdn_9636,6
fqdn_19537,0
fqdn_2875,0
fqdn_10193,0
fqdn_16151,0
fqdn_10678,0
fqdn_15905,6
fqdn_7742,0
fqdn_15086,0
fqdn_10548,0
fqdn_11800,0
fqdn_11214,6
fqdn_6229,0
fqdn_290,0
fqdn_3797,6
fqdn_741,0
fqdn_3474,6
fqdn_4903,6
fqdn_8537,6
fqdn_10833,0
fqdn_14982,0
fqdn_3467,6
fqdn_12897,0
fqdn_17843,6
fqdn_16359,6
fqdn_5125,0
fqdn_4101,0
fqdn_8688,0
fqdn_7023,0
fqdn_7141,6
fqdn_11097,0
fqdn_4704,0
fqdn_13591,0
fqdn_5796,6
fqdn_15626,0
fqdn_13855,0
fqdn_4277,6
fqdn_7548,6
fqdn_20275,0
fqdn_16962,0
fqdn_7774,0
fqdn_15618,0
fqdn_14774,0
fqdn_15403,0
fqdn_1333,6
fqdn_15019,6
fqdn_9671,6
fqdn_13869,0
fqdn_6806,0
fqdn_6139,0
fqdn_5227,0
fqdn_15950,0
fqdn_9714,0
fqdn_15631,0
fqdn_913,0
fqdn_4760,0
fqdn_15289,0
fqdn_18230,0
fqdn_2952,0
fqdn_18464,0
fqdn_4076,0
fqdn_9621,0
fqdn_4386,0
fqdn_19731,0
fqdn_13916,6
fqdn_1397,6
fqdn_19576,6
fqdn_2071,0
fqdn_9032,0
fqdn_772,6
fqdn_5999,0
fqdn_14317,0
fqdn_17966,6
fqdn_5545,6
fqdn_9219,0
fqdn_1148,0
fqdn_8711,0
fqdn_2031,0
fqdn_5510,0
fqdn_19705,0
fqdn_13386,0
fqdn_13751,6
fqdn_1196,6
fqdn_17052,0
fqdn_13003,0
fqdn_1286,5
fqdn_13466,0
fqdn_15725,0
fqdn_5375,0
fqdn_11476,0
fqdn_18846,0
fqdn_17882,0
fqdn_12862,0
fqdn_11013,0
fqdn_19275,0
fqdn_19903,6
fqdn_10010,0
fqdn_10530,0
fqdn_17247,0
fqdn_5488,0
fqdn_1776,0
fqdn_6842,0
fqdn_10749,0
fqdn_4103,0
fqdn_10480,0
fqdn_11966,6
fqdn_11567,0
fqdn_18412,4
fqdn_15,0
fqdn_12629,0
fqdn_13229,0
fqdn_18331,0
fqdn_6095,0
fqdn_5212,6
fqdn_8957,0
fqdn_5134,0
fqdn_13973,0
fqdn_3748,0
fqdn_14322,0
fqdn_5345,0
fqdn_3533,6
fqdn_16100,0
fqdn_10796,0
fqdn_5869,0
fqdn_3193,0
fqdn_20049,6
fqdn_1082,0
fqdn_3176,0
fqdn_7920,0
fqdn_2089,0
fqdn_12168,0
fqdn_9215,0
fqdn_16140,0
fqdn_13245,0
fqdn_9118,0
fqdn_15678,0
fqdn_20354,0
fqdn_5773,0
fqdn_5462,0
fqdn_14258,4
fqdn_6051,0
fqdn_10601,0
fqdn_19133,6
fqdn_8666,0
fqdn_13871,6
fqdn_19225,0
fqdn_200,0
fqdn_20301,0
fqdn_11072,0
fqdn_19687,0
fqdn_6771,6
fqdn_6361,0
fqdn_19776,5
fqdn_10875,6
fqdn_14715,0
fqdn_5949,0
fqdn_945,0
fqdn_7724,6
fqdn_1166,0
fqdn_6825,6
fqdn_2376,0
fqdn_9676,0
fqdn_19695,0
fqdn_20241,7
fqdn_7128,0
fqdn_14497,0
fqdn_12079,0
fqdn_6800,0
fqdn_15385,0
fqdn_11959,0
fqdn_3180,0
fqdn_13233,0
fqdn_1781,2
fqdn_6233,0
fqdn_16002,0
fqdn_20091,6
fqdn_15524,7
fqdn_6607,6
fqdn_16688,5
fqdn_11651,5
fqdn_12442,0
fqdn_17738,6
fqdn_19346,0
fqdn_2272,0
fqdn_12652,0
fqdn_18974,0
fqdn_1854,0
fqdn_9385,0
fqdn_15096,0
fqdn_14075,0
fqdn_13482,0
fqdn_8836,0
fqdn_6576,0
fqdn_4085,0
fqdn_18382,6
fqdn_18114,0
fqdn_1684,0
fqdn_18792,0
fqdn_20252,0
fqdn_11502,0
fqdn_17328,6
fqdn_6092,0
fqdn_9623,7
fqdn_14264,0
fqdn_12405,0
fqdn_10696,0
fqdn_3355,0
fqdn_17902,0
fqdn_1748,0
fqdn_14832,0
fqdn_17508,6
fqdn_16960,0
fqdn_795,0
fqdn_16142,0
fqdn_4617,0
fqdn_17711,0
fqdn_11607,0
fqdn_15319,1
fqdn_7630,6
fqdn_11017,0
fqdn_4846,0
fqdn_12003,0
fqdn_13596,0
fqdn_3614,0
fqdn_16912,0
fqdn_16166,0
fqdn_10756,0
fqdn_7820,0
fqdn_19989,0
fqdn_19604,0
fqdn_11232,0
fqdn_11389,0
fqdn_7191,0
fqdn_14830,0
fqdn_5124,0
fqdn_13228,0
fqdn_16638,0
fqdn_1132,0
fqdn_19459,5
fqdn_3351,0
fqdn_11963,0
fqdn_7580,0
fqdn_14804,0
fqdn_70,0
fqdn_10124,0
fqdn_11082,0
fqdn_12016,0
fqdn_19883,0
fqdn_18950,2
fqdn_11076,0
fqdn_3792,0
fqdn_3829,0
fqdn_13400,0
fqdn_18041,8
fqdn_16419,0
fqdn_4211,0
fqdn_3227,0
fqdn_6765,0
fqdn_14677,0
fqdn_2478,0
fqdn_16893,0
fqdn_9350,1
fqdn_12808,0
fqdn_18615,0
fqdn_9510,0
fqdn_9802,0
fqdn_8771,0
fqdn_12134,5
fqdn_20064,0
fqdn_9346,3
fqdn_5367,4
fqdn_13472,0
fqdn_9126,0
fqdn_63,0
fqdn_13948,0
fqdn_10183,0
fqdn_9820,4
fqdn_19367,0
fqdn_10969,0
fqdn_11523,0
fqdn_18099,0
fqdn_15357,6
fqdn_9255,0
fqdn_10644,1
fqdn_11887,0
fqdn_5553,4
fqdn_11755,0
fqdn_20257,0
fqdn_19403,5
fqdn_9988,0
fqdn_2201,0
fqdn_5701,1
fqdn_11566,0
fqdn_1790,0
fqdn_15344,0
fqdn_10351,0
fqdn_5601,0
fqdn_16426,0
fqdn_1755,0
fqdn_14559,0
fqdn_17343,1
fqdn_18856,0
fqdn_14086,1
fqdn_17063,0
fqdn_5562,6
fqdn_19974,5
fqdn_4938,0
fqdn_19273,4
fqdn_16197,0
fqdn_8292,6
fqdn_19633,5
fqdn_14479,0
fqdn_17941,5
fqdn_12263,0
fqdn_8025,0
fqdn_11775,0
fqdn_17142,0
fqdn_5152,0
fqdn_12948,0
fqdn_15769,0
fqdn_6131,0
fqdn_14649,4
fqdn_9976,0
fqdn_6808,0
fqdn_846,5
fqdn_19508,0
fqdn_16862,0
fqdn_17351,0
fqdn_6620,5
fqdn_7696,0
fqdn_11359,6
fqdn_12488,0
fqdn_4512,0
fqdn_19228,4
fqdn_1275,0
fqdn_14117,1
fqdn_19639,0
fqdn_2079,3
fqdn_10288,0
fqdn_85,0
fqdn_4286,0
fqdn_17283,0
fqdn_19735,0
fqdn_7980,0
fqdn_19848,0
fqdn_19867,0
fqdn_1102,0
fqdn_6215,0
fqdn_8587,0
fqdn_836,0
fqdn_19022,0
fqdn_10023,0
fqdn_15609,0
fqdn_13538,0
fqdn_4599,0
fqdn_1606,0
fqdn_15399,0
fqdn_11964,0
fqdn_1675,0
fqdn_11974,0
fqdn_1911,0
fqdn_18209,0
fqdn_15572,0
fqdn_9610,0
fqdn_7759,0
fqdn_2067,0
fqdn_297,0
fqdn_2082,0
fqdn_6816,0
fqdn_11530,0
fqdn_9071,0
fqdn_10134,0
fqdn_2871,0
fqdn_18973,0
fqdn_12801,0
fqdn_20428,0
fqdn_12733,0
fqdn_13219,0
fqdn_14936,0
fqdn_3187,0
fqdn_17791,1
fqdn_13097,0
fqdn_6988,0
fqdn_8529,0
fqdn_5894,0
fqdn_7854,0
fqdn_10618,0
fqdn_2165,0
fqdn_4962,0
fqdn_6397,0
fqdn_8060,0
fqdn_3045,0
fqdn_13351,0
fqdn_17072,3
fqdn_4702,0
fqdn_7857,0
fqdn_15129,0
fqdn_3122,0
fqdn_10414,0
fqdn_18779,0
fqdn_9642,0
fqdn_2269,0
fqdn_2467,0
fqdn_13777,0
fqdn_8088,0
fqdn_9991,0
fqdn_5150,0
fqdn_9475,0
fqdn_18462,0
fqdn_19649,0
fqdn_18425,0
fqdn_18834,0
fqdn_6129,0
fqdn_8642,0
fqdn_18058,0
fqdn_13697,0
fqdn_5239,0
fqdn_5037,4
fqdn_3087,0
fqdn_10418,0
fqdn_11705,0
fqdn_7271,0
fqdn_17516,0
fqdn_2740,0
fqdn_6367,0
fqdn_10659,0
fqdn_5173,5
